Nodes,Occurrences,Accuracy,Video
"('bowl', 'cutting-board')",131,"(71.48091603053435, 61.94656488549618)","[2, 31, 40, 65, 66, 80, 101, 105, 128, 142, 167, 175, 233, 255, 262, 278, 292, 302, 345, 384, 391, 393, 425, 426, 435, 67, 293, 301, 433]"
"('pinch-bowl', 'bowl')",440,"(62.402272727272724, 69.975)","[2, 3, 4, 8, 9, 10, 19, 24, 26, 27, 41, 42, 45, 47, 49, 51, 54, 55, 57, 60, 61, 65, 70, 72, 74, 76, 85, 86, 94, 95, 96, 101, 106, 111, 115, 118, 119, 121, 126, 144, 162, 171, 175, 177, 186, 190, 194, 197, 199, 204, 205, 209, 218, 226, 227, 246, 251, 255, 258, 259, 264, 265, 266, 270, 272, 278, 284, 294, 296, 303, 311, 312, 315, 320, 327, 330, 332, 343, 346, 347, 350, 355, 361, 362, 380, 383, 387, 399, 406, 413, 414, 421, 425, 426, 432, 435, 436, 447, 448, 67, 84, 169, 256, 269, 334, 349]"
"('turner', 'pan')",224,"(56.611607142857146, 83.19642857142857)","[2, 3, 13, 31, 33, 45, 51, 55, 56, 62, 74, 76, 77, 80, 81, 82, 85, 86, 88, 93, 100, 101, 102, 105, 110, 112, 120, 129, 132, 146, 148, 155, 158, 159, 160, 168, 170, 172, 174, 182, 183, 204, 205, 209, 214, 216, 219, 220, 221, 222, 229, 234, 238, 251, 263, 264, 267, 271, 273, 290, 294, 297, 315, 320, 326, 338, 341, 343, 345, 355, 365, 373, 385, 405, 411, 425, 434, 435, 440, 446, 447, 202, 269, 322, 334, 349, 443]"
"('pan', 'bowl')",381,"(74.5275590551181, 62.31496062992126)","[2, 3, 4, 7, 11, 12, 13, 28, 31, 35, 40, 45, 50, 54, 55, 62, 72, 74, 77, 82, 86, 92, 94, 100, 102, 108, 110, 120, 149, 150, 154, 158, 159, 166, 168, 170, 172, 181, 182, 183, 184, 185, 198, 203, 204, 205, 209, 216, 219, 221, 222, 224, 229, 234, 236, 238, 239, 245, 246, 247, 262, 267, 271, 272, 273, 277, 279, 292, 297, 298, 299, 312, 315, 320, 321, 324, 329, 330, 331, 332, 338, 341, 342, 343, 345, 347, 351, 355, 373, 380, 382, 385, 398, 418, 425, 429, 434, 439, 446, 447, 114, 269, 301, 334, 349, 378, 443]"
"('sieve', 'pan')",60,"(56.06666666666667, 64.5)","[2, 45, 57, 73, 92, 93, 102, 115, 120, 172, 194, 197, 203, 205, 219, 222, 237, 254, 262, 285, 308, 312, 345, 356, 362, 374, 385, 391, 114, 301]"
"('sieve', 'bowl')",207,"(63.333333333333336, 64.65700483091787)","[2, 4, 17, 21, 23, 24, 29, 32, 38, 39, 47, 64, 65, 68, 73, 79, 90, 92, 93, 102, 103, 104, 111, 120, 156, 163, 170, 172, 186, 196, 199, 208, 218, 222, 244, 245, 247, 257, 260, 261, 262, 270, 272, 284, 296, 298, 307, 312, 345, 354, 379, 381, 382, 388, 409, 411, 413, 419, 427, 442, 445, 34, 59, 114, 301, 349, 443]"
"('food-container', 'bowl')",286,"(60.32517482517483, 65.17832167832168)","[2, 3, 4, 5, 15, 16, 24, 31, 35, 41, 45, 57, 73, 96, 108, 125, 136, 171, 186, 188, 207, 221, 222, 224, 227, 239, 246, 247, 248, 258, 279, 284, 285, 286, 290, 324, 337, 342, 343, 345, 350, 353, 361, 374, 384, 394, 408, 418, 423, 425, 434, 440, 441, 442, 447, 448, 202, 217, 310, 360, 410, 433]"
"('jar', 'food-container')",13,"(54.61538461538461, 71.84615384615384)","[2, 12, 57, 105, 253, 258, 369]"
"('wooden-spatula', 'pan')",25,"(57.6, 80.72)","[3, 31, 45, 76, 93, 165, 209, 220, 335]"
"('lepel', 'pan')",4,"(58.5, 64.0)","[3, 315, 335, 269]"
"('pinch-bowl', 'food-container')",92,"(60.54347826086956, 65.3695652173913)","[3, 5, 24, 41, 45, 54, 57, 162, 239, 246, 274, 332, 348, 361, 424, 425, 84, 269]"
"('pinch-bowl', 'blender')",33,"(69.36363636363636, 69.48484848484848)","[3, 175, 198, 241, 246, 262, 270, 273, 309, 348, 425, 438, 447]"
"('silicone-spatula', 'bowl')",177,"(54.2090395480226, 77.89265536723164)","[3, 7, 9, 22, 24, 28, 30, 39, 49, 51, 55, 58, 62, 63, 64, 66, 70, 72, 74, 76, 86, 89, 94, 101, 126, 128, 135, 136, 146, 154, 163, 165, 175, 191, 198, 199, 219, 225, 237, 239, 240, 245, 246, 250, 252, 255, 260, 261, 278, 282, 294, 300, 302, 307, 311, 312, 320, 321, 327, 337, 343, 350, 380, 397, 403, 412, 413, 415, 418, 422, 426, 428, 431, 434, 447, 448, 1, 25, 52, 59, 67, 91, 217, 256, 322, 334, 349, 420, 433, 443]"
"('food-container', 'baking-sheet')",40,"(58.475, 60.45)","[3, 162, 186, 226, 228, 246, 285, 343, 347, 371, 372, 384]"
"('baking-sheet', 'bowl')",179,"(73.4804469273743, 65.70949720670392)","[3, 4, 5, 8, 10, 15, 16, 19, 21, 27, 41, 47, 55, 66, 70, 76, 77, 83, 96, 162, 165, 175, 191, 210, 246, 252, 266, 285, 300, 311, 312, 320, 327, 353, 361, 371, 384, 393, 397, 406, 418, 422, 424, 430, 440, 444, 0, 256, 301, 360]"
"('oven-glove', 'pan')",22,"(55.45454545454545, 74.22727272727273)","[3, 11, 13, 60, 81, 82, 102, 221, 236, 245, 275, 312, 345, 356]"
"('oven-glove', 'turner')",2,"(53.5, 50.0)","[3, 352]"
"('silicone-spatula', 'pan')",64,"(54.3125, 78.796875)","[4, 7, 28, 40, 51, 60, 63, 74, 80, 89, 92, 93, 94, 110, 112, 170, 197, 203, 204, 205, 209, 219, 221, 245, 246, 263, 267, 271, 277, 294, 324, 326, 329, 330, 331, 343, 394, 402, 445, 1, 59, 269, 334]"
"('jug', 'pan')",67,"(63.28358208955224, 73.98507462686567)","[4, 8, 28, 31, 45, 51, 63, 72, 76, 81, 92, 101, 110, 122, 125, 197, 203, 232, 241, 244, 246, 247, 254, 275, 298, 299, 302, 308, 312, 315, 342, 351, 380, 394, 446, 59, 269, 334, 443]"
"('tongs', 'bowl')",48,"(59.125, 70.16666666666667)","[4, 33, 48, 55, 101, 103, 133, 150, 166, 179, 209, 229, 264, 272, 278, 283, 296, 302, 327, 375, 380, 388, 418, 427, 434, 34, 67, 269, 293, 396]"
"('pinch-bowl', 'baking-sheet')",104,"(70.3076923076923, 73.95192307692308)","[4, 8, 14, 40, 46, 47, 57, 83, 97, 110, 154, 162, 246, 257, 275, 278, 285, 287, 304, 327, 384, 413, 425, 428, 430, 195, 310, 360]"
"('tongs', 'baking-sheet')",27,"(57.925925925925924, 75.51851851851852)","[4, 8, 24, 41, 266, 278, 320, 343, 353, 372, 393, 0, 195, 301, 396]"
"('baking-sheet', 'baking-dish')",64,"(63.140625, 60.015625)","[4, 46, 66, 76, 77, 140, 151, 162, 163, 173, 196, 218, 220, 226, 252, 274, 275, 302, 328, 347, 353, 361, 384, 393, 435, 360]"
"('silicone-spatula', 'pinch-bowl')",2,"(55.0, 54.5)","[5, 65]"
"('jug', 'silicone-spatula')",18,"(81.5, 58.5)","[5, 246, 59]"
"('jug', 'pinch-bowl')",5,"(65.6, 57.4)","[5, 24, 123, 264, 396]"
"('jug', 'pot')",42,"(61.23809523809524, 73.0952380952381)","[6, 9, 32, 36, 45, 57, 82, 115, 133, 134, 147, 178, 199, 233, 239, 283, 302, 355, 363, 370, 380, 390, 421, 446, 157, 378, 420]"
"('tongs', 'pot')",87,"(58.275862068965516, 78.22988505747126)","[6, 9, 32, 36, 37, 42, 46, 119, 133, 134, 139, 142, 153, 167, 178, 179, 208, 230, 233, 241, 275, 283, 289, 294, 303, 305, 307, 318, 319, 355, 364, 370, 407, 421, 436, 34, 98, 217, 269, 378, 420]"
"('lid', 'pot')",60,"(64.33333333333333, 67.88333333333334)","[6, 37, 57, 107, 124, 142, 145, 147, 153, 167, 178, 199, 222, 233, 241, 285, 307, 316, 319, 335, 436, 446, 34, 217, 378, 410, 420]"
"('pot', 'bowl')",261,"(71.29885057471265, 63.29501915708812)","[6, 9, 32, 36, 42, 45, 82, 99, 107, 119, 124, 134, 135, 139, 142, 147, 152, 153, 167, 178, 179, 199, 203, 208, 221, 222, 230, 233, 235, 241, 283, 289, 299, 303, 305, 312, 318, 319, 355, 364, 390, 421, 436, 448, 98, 217, 269, 301]"
"('lepel', 'pot')",12,"(54.416666666666664, 69.33333333333333)","[6, 36, 99, 133, 235, 296, 312, 343, 355, 370]"
"('tongs', 'pan')",191,"(61.696335078534034, 82.38743455497382)","[7, 11, 12, 18, 33, 49, 51, 54, 72, 74, 76, 81, 82, 92, 93, 101, 108, 109, 110, 125, 127, 132, 142, 144, 149, 150, 158, 165, 166, 183, 184, 185, 198, 203, 204, 207, 209, 214, 222, 224, 229, 264, 267, 272, 277, 283, 285, 290, 292, 294, 297, 299, 305, 307, 320, 323, 328, 329, 331, 333, 335, 337, 338, 340, 342, 343, 344, 348, 351, 352, 361, 366, 371, 372, 373, 394, 400, 402, 404, 424, 434, 447, 269, 322, 334, 349]"
"('spoon', 'blender')",1,"(51.0, 68.0)",[8]
"('pinch-bowl', 'jar')",10,"(61.7, 56.2)","[8, 104, 168, 260, 346, 448]"
"('lid', 'pan')",8,"(62.75, 67.5)","[8, 31, 45, 94, 109, 446]"
"('oven-glove', 'pot')",40,"(70.925, 75.2)","[9, 36, 115, 124, 230, 233, 283, 303, 385, 98, 378]"
"('pot', 'blender')",6,"(59.833333333333336, 52.666666666666664)","[9, 57, 208]"
"('oil-dispenser', 'pot')",8,"(59.625, 77.375)","[9, 36, 145, 178, 296, 421, 98]"
"('baking-form', 'bowl')",88,"(60.375, 62.82954545454545)","[10, 38, 64, 65, 72, 74, 89, 90, 154, 176, 191, 204, 244, 248, 263, 272, 291, 302, 303, 312, 317, 327, 380, 382, 384, 421, 446, 67, 349, 396]"
"('turner', 'baking-sheet')",10,"(54.3, 75.0)","[10, 16, 40, 55, 110, 285, 361, 384, 430]"
"('pinch-bowl', 'pan')",117,"(62.48717948717949, 75.88034188034187)","[11, 12, 40, 51, 55, 63, 72, 74, 86, 94, 108, 110, 149, 183, 204, 222, 245, 264, 277, 298, 313, 335, 342, 343, 346, 356, 434, 439, 1, 195, 334]"
"('measuring-cup', 'pan')",11,"(57.63636363636363, 78.27272727272727)","[13, 81, 209, 234, 246, 251, 272, 290, 320, 1]"
"('grater', 'baking-sheet')",1,"(68.0, 91.0)",[15]
"('jug', 'bowl')",206,"(63.62621359223301, 78.0873786407767)","[15, 17, 19, 26, 30, 31, 35, 36, 39, 41, 55, 58, 60, 63, 64, 65, 68, 82, 89, 90, 104, 109, 111, 131, 154, 160, 163, 164, 165, 175, 188, 189, 198, 199, 210, 219, 234, 240, 241, 244, 245, 246, 250, 255, 259, 264, 266, 272, 285, 300, 302, 314, 315, 330, 341, 343, 354, 363, 374, 375, 379, 387, 390, 393, 413, 416, 418, 419, 434, 436, 437, 442, 447, 34, 52, 59, 242, 293, 349]"
"('hammer', 'baking-sheet')",1,"(54.0, 71.0)",[16]
"('oven-glove', 'baking-sheet')",17,"(56.23529411764706, 76.3529411764706)","[16, 47, 252, 361, 372, 384, 0, 360, 396, 443]"
"('bowl', 'blender')",26,"(57.73076923076923, 60.42307692307692)","[16, 82, 90, 115, 175, 240, 241, 270, 272, 309, 345, 359, 434, 231, 249, 301]"
"('spoon', 'food-container')",1,"(63.0, 92.0)",[16]
"('measuring-cup', 'bowl')",104,"(59.99038461538461, 82.3076923076923)","[17, 30, 41, 66, 118, 119, 120, 121, 129, 132, 142, 159, 162, 164, 175, 177, 189, 227, 237, 243, 252, 311, 321, 343, 347, 352, 382, 385, 402, 413, 414, 418, 419, 428, 436, 242]"
"('whisk', 'bowl')",164,"(66.41463414634147, 80.2560975609756)","[17, 21, 26, 29, 30, 33, 39, 45, 55, 58, 60, 63, 64, 68, 86, 89, 90, 97, 101, 103, 111, 118, 161, 173, 175, 189, 198, 234, 239, 244, 245, 251, 255, 266, 270, 282, 300, 321, 354, 358, 382, 387, 408, 413, 414, 419, 426, 437, 25, 59, 91, 256, 269, 334, 349]"
"('measuring-cup', 'sieve')",2,"(64.0, 59.5)",[17]
"('tongs', 'plate')",13,"(59.30769230769231, 65.15384615384616)","[18, 101, 108, 153, 214, 226, 285, 289, 333, 381, 438, 84]"
"('bowl', 'plate')",390,"(63.40512820512821, 61.44358974358974)","[20, 30, 40, 41, 47, 49, 51, 58, 61, 65, 73, 77, 78, 90, 95, 101, 103, 108, 115, 123, 128, 131, 137, 145, 166, 171, 185, 189, 203, 204, 208, 209, 218, 219, 230, 239, 250, 262, 272, 278, 283, 294, 297, 298, 300, 302, 312, 318, 320, 325, 328, 329, 332, 340, 345, 348, 371, 383, 384, 404, 423, 425, 434, 438, 84, 114, 249, 280, 293, 301, 322, 360, 396]"
"('mixer', 'bowl')",313,"(63.57188498402556, 81.58785942492013)","[20, 22, 23, 26, 29, 30, 31, 60, 64, 65, 66, 89, 101, 104, 111, 176, 189, 191, 239, 244, 245, 251, 283, 300, 302, 312, 315, 354, 357, 380, 382, 414, 418, 427, 59]"
"('scoop', 'bowl')",2,"(63.5, 91.5)","[20, 343]"
"('scoop', 'baking-sheet')",1,"(51.0, 86.0)",[21]
"('baking-sheet', 'baking-rack')",37,"(66.35135135135135, 58.189189189189186)","[21, 125, 162, 165, 266, 285, 300, 311, 327, 329, 413, 436, 448]"
"('jar', 'bowl')",95,"(54.78947368421053, 64.11578947368422)","[22, 24, 36, 57, 71, 95, 118, 125, 136, 176, 207, 239, 251, 260, 290, 294, 311, 320, 324, 343, 346, 352, 383, 435, 436, 440, 448, 75, 269]"
"('sieve', 'jug')",21,"(60.19047619047619, 63.904761904761905)","[22, 64, 79, 196, 260, 303, 312, 59, 114, 231, 242]"
"('chopsticks', 'pot')",3,"(57.666666666666664, 77.0)","[23, 407, 420]"
"('jug', 'jar')",4,"(63.25, 58.0)","[24, 36, 231]"
"('lepel', 'bowl')",12,"(53.5, 76.33333333333333)","[24, 55, 101, 126, 176, 189, 312, 391, 413, 25]"
"('jar', 'silicone-spatula')",5,"(56.2, 54.2)","[24, 57, 352, 435, 448]"
"('oven-glove', 'bowl')",25,"(55.64, 76.52)","[26, 30, 38, 39, 65, 101, 144, 155, 198, 199, 209, 240, 262, 312, 323, 382, 59, 242, 293]"
"('jug', 'mixer')",81,"(78.72839506172839, 66.38271604938272)","[26, 60, 65, 90, 189, 59]"
"('tongs', 'silicone-spatula')",3,"(52.0, 51.333333333333336)","[26, 338, 420]"
"('baking-rack', 'bowl')",28,"(57.642857142857146, 59.57142857142857)","[27, 48, 102, 107, 137, 156, 266, 289, 295, 376, 406, 417, 422]"
"('whisk', 'pan')",47,"(62.702127659574465, 77.27659574468085)","[28, 89, 160, 165, 198, 239, 241, 245, 246, 312, 335, 344, 382, 392, 398, 242, 301]"
"('jug', 'whisk')",5,"(64.8, 60.6)","[30, 64, 196, 300, 349]"
"('icing-spatula', 'bowl')",3,"(52.0, 79.0)","[30, 189]"
"('oven-glove', 'plate')",2,"(51.0, 60.0)","[30, 73]"
"('pinch-bowl', 'cutting-board')",4,"(63.25, 63.25)","[31, 94, 366, 404]"
"('sieve', 'whisk')",18,"(57.666666666666664, 58.388888888888886)","[32, 40, 110, 165, 194, 222, 260, 279, 302, 314, 394, 395, 401, 413, 417, 202]"
"('sieve', 'pot')",23,"(56.26086956521739, 62.43478260869565)","[32, 57, 63, 82, 107, 208, 233, 241, 266, 312, 319, 390, 403, 441, 52, 98]"
"('measuring-cup', 'food-container')",2,"(58.5, 70.5)","[32, 384]"
"('oven-glove', 'food-container')",6,"(55.666666666666664, 75.16666666666667)","[32, 184, 353, 410]"
"('jug', 'oven-glove')",4,"(65.5, 60.5)","[35, 175, 59, 75]"
"('measuring-cup', 'pot')",9,"(57.44444444444444, 72.33333333333333)","[36, 119, 142, 153, 222, 255, 296, 343, 421]"
"('turner', 'pot')",28,"(54.82142857142857, 70.42857142857143)","[37, 42, 45, 58, 119, 145, 153, 167, 178, 230, 241, 275, 299, 307, 318, 319, 370, 421, 378, 420]"
"('sieve', 'baking-form')",7,"(56.857142857142854, 65.42857142857143)","[38, 64, 312, 381, 349]"
"('jug', 'baking-sheet')",10,"(56.8, 67.3)","[40, 76, 285, 300, 311, 343]"
"('oil-dispenser', 'pan')",35,"(63.4, 80.77142857142857)","[40, 45, 46, 54, 72, 120, 124, 150, 159, 184, 205, 222, 263, 297, 307, 330, 342, 355, 405, 425, 429, 434, 447, 301]"
"('oil-dispenser', 'baking-sheet')",2,"(50.5, 77.0)","[41, 435]"
"('pinch-bowl', 'plate')",61,"(63.63934426229508, 59.459016393442624)","[41, 60, 61, 115, 171, 209, 218, 219, 252, 257, 294, 297, 304, 312, 332, 377, 399, 84]"
"('pinch-bowl', 'pot')",135,"(63.837037037037035, 77.46666666666667)","[42, 82, 179, 208, 212, 222, 303, 318, 363, 390, 421, 448]"
"('oil-dispenser', 'pinch-bowl')",22,"(54.63636363636363, 53.81818181818182)",[42]
"('pinch-bowl', 'tongs')",1,"(68.0, 55.0)",[42]
"('oil-dispenser', 'bowl')",17,"(55.88235294117647, 53.470588235294116)","[42, 330, 363, 434, 301]"
"('whisk', 'food-container')",8,"(68.875, 57.375)","[45, 207]"
"('whisk', 'pinch-bowl')",6,"(66.66666666666667, 65.83333333333333)","[45, 347]"
"('silicone-spatula', 'pot')",5,"(52.4, 71.4)","[45, 208, 283, 312, 446]"
"('oven-glove', 'blender')",4,"(53.25, 58.75)","[45, 82, 75, 242]"
"('whisk', 'pot')",15,"(65.6, 81.86666666666666)","[46, 115, 239, 247, 363]"
"('skimmer', 'tongs')",3,"(53.0, 51.666666666666664)","[48, 292, 294]"
"('baking-form', 'plate')",3,"(59.666666666666664, 67.0)","[49, 74]"
"('pinch-bowl', 'baking-dish')",3,"(63.666666666666664, 67.33333333333333)","[51, 384]"
"('whisk', 'baking-dish')",2,"(73.5, 79.5)",[51]
"('skimmer', 'pan')",46,"(58.78260869565217, 74.6086956521739)","[51, 56, 57, 73, 76, 82, 101, 109, 168, 181, 194, 203, 222, 237, 251, 261, 263, 267, 279, 292, 298, 323, 331, 347, 356, 419, 91]"
"('pan', 'blender')",24,"(66.66666666666667, 59.583333333333336)","[53, 105, 155, 241, 246, 248, 290, 335, 394, 75, 242]"
"('skimmer', 'baking-rack')",1,"(62.0, 53.0)",[55]
"('skimmer', 'turner')",9,"(59.333333333333336, 53.22222222222222)","[56, 68, 101, 166, 208, 243, 251, 263, 315]"
"('ladle', 'baking-dish')",1,"(52.0, 56.0)",[56]
"('jug', 'blender')",32,"(60.40625, 72.0)","[57, 160, 246, 262, 272, 309, 355, 375, 377, 447, 67, 75, 231, 242, 249, 280]"
"('icing-spatula', 'sieve')",2,"(57.5, 53.0)",[57]
"('skimmer', 'sieve')",8,"(57.0, 58.5)","[57, 73, 101, 307, 381, 403, 202]"
"('silicone-spatula', 'food-container')",2,"(54.5, 65.5)","[57, 136]"
"('tongs', 'food-container')",9,"(58.22222222222222, 71.77777777777777)","[57, 105, 108, 184, 297, 329, 343]"
"('whisk', 'tongs')",3,"(57.666666666666664, 57.666666666666664)","[60, 344, 249]"
"('whisk', 'chopsticks')",1,"(53.0, 51.0)",[60]
"('tongs', 'chopsticks')",3,"(54.333333333333336, 56.0)","[60, 353, 407]"
"('plate', 'pan')",10,"(55.5, 71.2)","[60, 105, 108, 158, 172, 425]"
"('silicone-spatula', 'plate')",2,"(56.5, 55.0)","[60, 333]"
"('pinch-bowl', 'chopsticks')",5,"(83.2, 54.2)",[60]
"('chopsticks', 'plate')",4,"(55.25, 54.0)","[60, 378]"
"('jug', 'plate')",2,"(53.5, 58.5)","[60, 333]"
"('skimmer', 'pot')",27,"(57.25925925925926, 75.03703703703704)","[63, 125, 133, 136, 230, 275, 283, 294, 336, 355, 363, 385, 426, 98, 202, 269]"
"('turner', 'bowl')",17,"(55.294117647058826, 69.0)","[64, 73, 101, 299, 318, 341, 343, 434, 59, 242, 349]"
"('pinch-bowl', 'baking-form')",12,"(56.5, 77.83333333333333)","[65, 72, 204]"
"('oven-glove', 'baking-form')",7,"(59.42857142857143, 69.85714285714286)","[65, 89, 303, 312, 433]"
"('silicone-spatula', 'baking-form')",7,"(53.285714285714285, 85.57142857142857)","[65, 89, 300, 413, 349]"
"('baking-dish', 'bowl')",32,"(65.6875, 72.4375)","[66, 130, 151, 162, 198, 220, 240, 262, 294, 325, 336, 345, 52, 217]"
"('tongs', 'turner')",5,"(53.4, 52.0)","[68, 253, 303, 421, 322]"
"('silicone-spatula', 'blender')",3,"(52.666666666666664, 65.33333333333333)","[69, 90, 252]"
"('pinch-bowl', 'baking-rack')",10,"(69.1, 63.5)","[71, 413]"
"('cupcake-tin', 'cutting-board')",1,"(56.0, 51.0)",[72]
"('turner', 'silicone-spatula')",7,"(54.285714285714285, 54.714285714285715)","[72, 93, 110, 112, 263, 279, 343]"
"('pan', 'baking-form')",13,"(58.84615384615385, 58.0)","[72, 74, 94, 207, 247, 248, 298, 312, 382]"
"('jug', 'baking-dish')",1,"(57.0, 50.0)",[76]
"('pan', 'baking-sheet')",21,"(65.19047619047619, 62.333333333333336)","[76, 251, 372, 424]"
"('baking-dish', 'plate')",4,"(64.25, 64.0)","[77, 278]"
"('tongs', 'baking-dish')",3,"(63.0, 74.0)","[77, 153, 404]"
"('baking-rack', 'plate')",20,"(57.45, 51.75)",[78]
"('food-container', 'baking-rack')",25,"(54.72, 54.72)",[78]
"('cutting-board', 'food-container')",2,"(60.0, 51.5)",[78]
"('baking-rack', 'cutting-board')",8,"(56.875, 53.875)",[78]
"('oven-glove', 'baking-rack')",6,"(55.166666666666664, 75.5)","[78, 350]"
"('baking-sheet', 'cutting-board')",9,"(53.888888888888886, 52.77777777777778)","[78, 83, 117, 372, 195]"
"('knife', 'cutting-board')",5,"(53.8, 79.8)","[80, 308, 316]"
"('hammer', 'jar')",1,"(63.0, 62.0)",[81]
"('pan', 'pot')",13,"(60.38461538461539, 62.15384615384615)","[82, 155, 183, 203, 221, 239, 385, 114, 301]"
"('spoon', 'plate')",6,"(58.0, 64.83333333333333)","[85, 168, 301]"
"('turner', 'plate')",5,"(54.0, 67.0)","[85, 328]"
"('grater', 'bowl')",5,"(75.0, 53.4)","[90, 118, 321]"
"('grater', 'blender')",1,"(62.0, 50.0)",[90]
"('grater', 'silicone-spatula')",1,"(62.0, 50.0)",[90]
"('cupcake-tin', 'bowl')",40,"(77.45, 67.1)","[95, 245, 248, 250, 257, 286, 306, 317, 384, 405, 411]"
"('cupcake-tin', 'baking-sheet')",15,"(61.93333333333333, 65.2)","[97, 122, 162, 245, 266, 268, 304, 384]"
"('pinch-bowl', 'cupcake-tin')",8,"(60.375, 57.375)","[97, 304, 384, 403, 84, 310]"
"('wooden-spatula', 'pot')",7,"(59.285714285714285, 79.14285714285714)","[99, 355, 378, 410]"
"('wooden-spatula', 'lepel')",1,"(62.0, 55.0)",[99]
"('turner', 'baking-form')",1,"(52.0, 55.0)",[101]
"('sieve', 'jar')",1,"(63.0, 58.0)",[104]
"('sieve', 'pinch-bowl')",1,"(56.0, 54.0)",[104]
"('knife', 'icing-spatula')",2,"(62.5, 57.5)","[104, 349]"
"('hammer', 'cutting-board')",5,"(81.2, 66.2)","[105, 118, 278]"
"('oil-dispenser', 'baking-rack')",1,"(52.0, 61.0)",[108]
"('spoon', 'pan')",2,"(53.0, 90.5)","[110, 214]"
"('lid', 'baking-form')",1,"(51.0, 55.0)",[119]
"('pepper-mill', 'pan')",1,"(55.0, 86.0)",[120]
"('tongs', 'jar')",1,"(57.0, 53.0)",[125]
"('skimmer', 'bowl')",4,"(60.25, 59.5)","[125, 298, 405]"
"('spoon', 'bowl')",41,"(61.36585365853659, 77.02439024390245)","[125, 189, 279, 343, 350, 59, 301]"
"('food-container', 'baking-dish')",45,"(57.333333333333336, 59.53333333333333)","[130, 151, 162, 186, 201, 213, 220, 224, 225, 226, 311, 336, 343, 347, 372, 394, 430, 217, 242, 410]"
"('lepel', 'food-container')",1,"(52.0, 51.0)",[141]
"('lid', 'bowl')",2,"(60.5, 59.0)","[147, 167]"
"('ladle', 'pot')",10,"(56.1, 86.4)","[147, 275, 318, 343, 202]"
"('ladle', 'bowl')",3,"(51.0, 70.0)","[147, 245]"
"('silicone-spatula', 'baking-dish')",7,"(55.0, 72.0)","[151, 186, 240, 394, 242]"
"('pinch-bowl', 'measuring-cup')",1,"(54.0, 50.0)",[154]
"('measuring-cup', 'baking-sheet')",3,"(54.666666666666664, 74.33333333333333)","[154, 360]"
"('mixer', 'icing-spatula')",1,"(58.0, 53.0)",[160]
"('baking-rack', 'cupcake-tin')",1,"(55.0, 54.0)",[162]
"('sieve', 'silicone-spatula')",3,"(60.333333333333336, 53.0)","[163, 219, 242]"
"('silicone-spatula', 'baking-sheet')",8,"(54.875, 68.625)","[165, 252, 343, 406, 447]"
"('mixer', 'pot')",1,"(51.0, 83.0)",[167]
"('knife', 'plate')",5,"(60.2, 60.8)","[168, 418]"
"('pan', 'cutting-board')",1,"(52.0, 52.0)",[174]
"('skimmer', 'plate')",2,"(54.0, 54.5)","[174, 215]"
"('tongs', 'spoon')",1,"(64.0, 50.0)",[175]
"('oven-glove', 'tongs')",1,"(61.0, 55.0)",[184]
"('jar', 'blender')",6,"(58.0, 57.333333333333336)","[188, 253, 369, 374]"
"('mixer', 'fork')",2,"(57.5, 54.0)","[189, 338]"
"('fork', 'blender')",2,"(55.0, 82.5)",[192]
"('hammer', 'bowl')",1,"(55.0, 55.0)",[194]
"('whisk', 'jar')",2,"(69.5, 54.0)","[196, 269]"
"('fork', 'peeler')",1,"(55.0, 54.0)",[200]
"('sieve', 'turner')",1,"(58.0, 56.0)",[205]
"('tongs', 'blender')",4,"(56.0, 59.75)","[208, 375, 280, 301]"
"('pot', 'plate')",15,"(65.46666666666667, 58.266666666666666)","[208, 230, 98, 378]"
"('plate', 'food-container')",7,"(54.42857142857143, 55.57142857142857)","[214, 368, 423]"
"('sieve', 'plate')",1,"(58.0, 86.0)",[218]
"('jar', 'measuring-cup')",6,"(58.333333333333336, 53.166666666666664)","[239, 352]"
"('oven-glove', 'baking-dish')",2,"(51.5, 71.0)","[240, 410]"
"('sieve', 'blender')",9,"(58.0, 64.11111111111111)","[240, 270, 303, 403, 75, 114]"
"('whisk', 'blender')",2,"(55.0, 56.0)","[241, 0]"
"('scoop', 'plate')",2,"(51.5, 52.0)",[243]
"('rolling-pin', 'icing-spatula')",1,"(73.0, 56.0)",[244]
"('food-container', 'cupcake-tin')",8,"(55.625, 55.125)",[248]
"('pot', 'baking-form')",1,"(62.0, 53.0)",[248]
"('fork', 'bowl')",3,"(57.666666666666664, 63.0)","[255, 366, 59]"
"('jug', 'oil-dispenser')",1,"(69.0, 51.0)",[272]
"('jug', 'baking-form')",3,"(56.0, 61.333333333333336)","[272, 298, 302]"
"('baking-dish', 'blender')",1,"(65.0, 54.0)",[274]
"('turner', 'ladle')",1,"(58.0, 50.0)",[275]
"('chopsticks', 'bowl')",2,"(53.0, 75.0)",[290]
"('food-container', 'blender')",2,"(59.5, 53.5)","[297, 301]"
"('jug', 'baking-rack')",2,"(55.0, 55.0)",[300]
"('tongs', 'cutting-board')",2,"(56.5, 73.0)","[302, 373]"
"('pot', 'baking-sheet')",17,"(82.0, 54.64705882352941)","[303, 420]"
"('pot', 'cutting-board')",1,"(60.0, 50.0)",[303]
"('spoon', 'pot')",2,"(58.0, 62.5)","[303, 43]"
"('squeezer', 'bowl')",6,"(63.666666666666664, 66.0)","[304, 374]"
"('tongs', 'jug')",9,"(56.333333333333336, 55.77777777777778)","[305, 375]"
"('blender', 'cupcake-tin')",1,"(60.0, 56.0)",[306]
"('turner', 'lid')",2,"(55.0, 52.5)","[307, 319]"
"('sieve', 'oven-glove')",2,"(74.5, 51.5)","[312, 382]"
"('cupcake-tin', 'pan')",4,"(94.75, 63.25)",[312]
"('skimmer', 'ladle')",3,"(59.0, 55.666666666666664)","[315, 419, 202]"
"('fork', 'sieve')",1,"(75.0, 53.0)",[315]
"('measuring-cup', 'cutting-board')",5,"(52.6, 82.6)",[316]
"('fork', 'tongs')",2,"(63.0, 51.5)","[329, 392]"
"('ladle', 'pan')",2,"(55.0, 86.0)","[331, 419]"
"('lepel', 'plate')",1,"(56.0, 66.0)",[333]
"('chopsticks', 'pan')",1,"(59.0, 77.0)",[335]
"('knife', 'bowl')",2,"(55.0, 66.0)","[341, 396]"
"('spoon', 'measuring-cup')",1,"(51.0, 50.0)",[343]
"('rolling-pin', 'wooden-spatula')",1,"(68.0, 53.0)",[347]
"('cutting-board', 'blender')",5,"(53.0, 56.8)","[353, 366]"
"('chopsticks', 'baking-sheet')",2,"(56.5, 67.5)","[353, 420]"
"('tongs', 'baking-form')",1,"(55.0, 61.0)",[356]
"('whisk', 'skimmer')",3,"(61.333333333333336, 55.333333333333336)","[363, 59, 202]"
"('fork', 'plate')",1,"(52.0, 81.0)",[366]
"('measuring-cup', 'plate')",1,"(58.0, 73.0)",[366]
"('peeler', 'blender')",2,"(52.0, 55.5)","[369, 393]"
"('mixer', 'plate')",1,"(52.0, 52.0)",[369]
"('baking-sheet', 'plate')",3,"(68.33333333333333, 62.666666666666664)","[371, 418]"
"('blender', 'plate')",23,"(80.43478260869566, 68.95652173913044)","[375, 249]"
"('measuring-cup', 'jug')",2,"(67.0, 61.5)",[377]
"('mixer', 'silicone-spatula')",23,"(68.34782608695652, 59.21739130434783)","[380, 59]"
"('skimmer', 'baking-form')",1,"(69.0, 58.0)",[381]
"('plate', 'cutting-board')",10,"(60.9, 58.3)","[384, 425, 293]"
"('rolling-pin', 'cutting-board')",3,"(61.333333333333336, 73.0)",[391]
"('rolling-pin', 'oven-glove')",2,"(61.5, 58.0)",[391]
"('oven-glove', 'cutting-board')",2,"(58.0, 69.5)",[391]
"('pan', 'baking-rack')",12,"(66.75, 74.91666666666667)",[391]
"('sieve', 'baking-rack')",1,"(52.0, 66.0)",[391]
"('pan', 'baking-dish')",1,"(60.0, 54.0)",[393]
"('sieve', 'baking-sheet')",1,"(51.0, 58.0)",[393]
"('jar', 'baking-sheet')",3,"(57.0, 58.0)",[398]
"('measuring-cup', 'baking-form')",1,"(60.0, 70.0)",[412]
"('mixer', 'pan')",4,"(61.25, 73.5)","[418, 59]"
"('rolling-pin', 'bowl')",1,"(55.0, 56.0)",[425]
"('jug', 'food-container')",1,"(51.0, 54.0)",[434]
"('oil-dispenser', 'plate')",1,"(54.0, 62.0)",[434]
"('fork', 'whisk')",1,"(69.0, 55.0)",[445]
"('lid', 'blender')",1,"(61.0, 51.0)",[43]
"('tongs', 'baking-rack')",1,"(55.0, 67.0)",[52]
"('mixer', 'sieve')",8,"(69.5, 56.5)",[59]
"('oven-glove', 'mixer')",1,"(71.0, 59.0)",[59]
"('scoop', 'baking-form')",1,"(59.0, 90.0)",[59]
"('mixer', 'tongs')",1,"(58.0, 56.0)",[59]
"('squeezer', 'blender')",4,"(58.0, 66.0)",[231]
"('measuring-cup', 'blender')",1,"(59.0, 54.0)",[231]
"('whisk', 'silicone-spatula')",1,"(51.0, 50.0)",[249]
"('silicone-spatula', 'cutting-board')",1,"(55.0, 80.0)",[349]
"('lid', 'baking-sheet')",1,"(55.0, 55.0)",[420]
"('squeezer', 'pot')",2,"(65.0, 91.5)",[420]
"('silicone-spatula', 'lepel')",1,"(54.0, 51.0)",[443]
