Noun,Counter
minute,4339
bowl,2451
salt,2014
heat,1880
oil,1878
pan,1659
pepper,1643
oven,1429
chicken,1362
baking,1227
sauce,1204
mixture,1170
garlic,1115
side,1045
onion,1027
dough,1025
egg,987
water,965
top,943
sugar,904
sheet,889
cheese,884
butter,856
pot,756
flour,748
paper,682
cup,678
powder,664
tablespoon,659
cream,612
hour,604
f,601
inch,590
juice,579
half,573
skillet,562
potato,561
cm,560
rice,542
milk,541
parchment,520
tomato,519
vegetable,503
slice,490
ingredient,454
medium,453
batter,438
piece,429
bread,422
cake,417
lemon,413
layer,367
teaspoon,361
c,346
olive,343
boil,341
bottom,338
edge,336
dish,322
center,317
gram,311
time,310
seed,307
hand,306
towel,305
liquid,302
vanilla,300
temperature,292
chocolate,286
meat,272
food,270
ball,267
rack,263
steak,261
lime,260
parsley,258
surface,257
pork,257
crust,253
blender,248
mushroom,248
wrap,247
squash,242
refrigerator,241
filling,240
ice,239
second,238
coconut,232
cinnamon,231
processor,230
bean,228
spatula,228
shrimp,227
syrup,224
ginger,221
cilantro,221
beef,221
saucepan,219
fork,217
carrot,209
vinegar,209
cookie,209
honey,209
chili,207
spoon,205
paste,200
avocado,197
°,196
dressing,196
pasta,195
soy,194
rib,193
apple,192
paprika,192
pastry,190
tortilla,190
container,188
plate,185
foil,184
lid,184
knife,183
spice,181
almond,180
g,178
sesame,177
broth,170
cumin,170
roll,169
stock,167
ml,166
spinach,164
bag,163
noodle,160
leave,158
breast,157
skin,157
bacon,156
bell,152
yogurt,152
glass,150
corn,149
crumb,148
cauliflower,147
bit,146
seasoning,146
mixer,146
simmer,144
salmon,144
chip,143
marinade,141
basil,140
serving,139
mix,138
rest,138
board,137
size,136
wire,136
scallion,134
speed,134
mozzarella,134
room,133
end,133
cube,129
iron,129
thyme,126
mustard,126
cutting,125
frosting,125
wine,124
parmesan,120
tray,120
pizza,119
brown,118
fat,118
bun,117
extract,117
salad,116
strip,116
chickpea,115
pie,114
orange,114
cooker,114
day,114
strawberry,113
clove,110
wing,110
flake,108
oregano,108
shape,108
cheddar,107
peanut,107
skewer,107
maple,104
white,103
consistency,103
topping,101
broccoli,101
muffin,101
batch,101
cooking,100
yolk,100
eggplant,97
yeast,97
sandwich,96
zest,96
banana,95
shallot,95
tofu,95
sausage,95
spray,93
soda,92
fruit,92
circle,92
zucchini,92
veggie,91
way,91
brownie,91
freezer,90
cornstarch,89
thigh,89
finger,88
toothpick,88
tin,88
fridge,88
puff,88
cayenne,87
patty,87
mixing,87
pinch,87
loaf,87
turkey,86
burger,85
jalapeño,85
middle,83
cabbage,83
color,83
cast,83
cocoa,82
round,82
mint,81
mm,80
halfway,79
canola,79
sprout,79
wedge,79
coriander,78
hole,78
glaze,77
jar,77
cider,75
drizzle,75
chive,74
cucumber,74
oats,73
nutmeg,72
grill,72
month,70
pineapple,70
quinoa,70
rosemary,70
bay,69
cracker,69
scoop,68
biscuit,68
celery,67
curry,67
kitchen,67
meatball,67
pancake,66
lettuce,66
pumpkin,66
chile,66
quarter,65
wok,65
ham,65
place,65
plantain,65
measuring,64
shell,64
fry,64
stem,63
taco,63
rubber,63
turmeric,62
peak,62
portion,62
beet,62
pea,61
stick,61
tip,61
carb,61
protein,60
fish,60
wash,60
peach,60
icing,59
rectangle,58
ricotta,58
fiber,57
asparagus,57
leaf,57
raspberry,57
calorie,56
salsa,56
jackfruit,56
well,55
macaron,55
tbsp,55
platter,54
buttermilk,54
pin,54
spaghetti,54
mango,54
seam,53
mayonnaise,53
choice,53
lump,53
nutrition,53
dipping,53
package,52
cashew,52
flavor,52
microwave,52
kale,52
soup,51
cherry,51
blueberry,51
moisture,51
watermelon,51
ring,51
square,51
piping,50
cheesecake,50
instruction,50
cupcake,49
chunk,49
taste,49
puree,49
ounce,48
bone,48
caramel,48
sage,47
sprinkle,47
cranberry,47
½-inch,47
week,47
tea,47
walnut,46
floret,46
pear,46
outside,46
pecan,46
back,45
bar,45
mesh,45
slit,44
third,44
bbq,44
cocktail,43
work,43
bubble,42
dill,42
dumpling,42
quart,42
amount,42
texture,42
rolling,42
mug,42
crepe,42
gravy,42
excess,41
bite,41
process,41
marinara,41
berry,40
masala,40
pesto,40
wrapper,40
toast,40
chop,40
herb,39
cardamom,39
boiling,39
fennel,39
inside,38
dollop,38
nut,38
note,38
part,38
garnish,38
lentil,38
springform,38
aluminum,38
crab,38
frying,37
artichoke,37
pressure,36
panko,36
cutter,36
tart,36
stand,35
sieve,35
base,35
mason,35
corner,35
box,35
½,35
prosciutto,35
leek,35
raisin,34
ketchup,34
strainer,34
stuffing,34
point,34
spoonful,34
griddle,34
lemongrass,34
ramekin,34
coloring,33
flesh,33
¼,33
star,33
dog,32
log,32
ranch,32
saffron,32
tenderloin,32
wheat,31
spot,31
¼-inch,31
ghee,31
stew,31
peel,31
graham,31
can,30
fillet,30
steam,30
tong,30
beer,30
metal,30
lamb,30
space,29
chilli,29
butternut,29
buttercream,29
sprig,29
goat,29
smoke,29
dip,29
peppercorn,29
breadcrumb,29
spring,29
buffalo,29
slider,29
lasagna,29
jam,29
gelatin,29
date,29
oat,29
option,29
starter,29
grain,28
chipotle,28
guacamole,28
tsp,28
ribbon,28
disc,28
oyster,28
broiler,28
grapefruit,28
pulp,27
feta,27
waffle,27
radish,27
sauté,27
belly,27
peppermint,27
pomegranate,26
pickle,26
core,26
use,26
allspice,26
meringue,26
plastic,26
eye,26
triangle,26
pocket,26
barbecue,26
cut,25
rim,25
pudding,25
meal,25
addition,25
colander,25
anise,25
mold,25
custard,25
naan,25
border,25
pattern,25
arugula,25
daikon,25
chia,25
garam,24
rum,24
touch,24
sriracha,24
blend,24
provolone,24
steamer,24
brie,24
cornmeal,23
crumble,23
tamarind,23
green,23
couple,23
paring,23
head,22
peeler,22
golf,22
pod,22
bagel,22
apricot,22
nori,22
burrito,22
hazelnut,21
air,21
masher,21
handful,21
kimchi,21
purpose,21
thickness,21
salami,21
grater,21
brush,21
pepperoni,21
lavender,21
diameter,20
caper,20
kidney,20
cornbread,20
gallo,20
liking,20
teriyaki,20
hummus,20
doneness,20
squeeze,20
line,20
heart,20
flax,20
shaker,20
pitcher,20
mayo,20
mat,20
flame,19
min,19
tahini,19
sodium,19
baby,19
section,19
thermometer,19
wheel,19
ravioli,19
risotto,19
leg,19
basket,19
rosé,19
baguette,19
blackberry,19
glove,18
slaw,18
⅛-inch,18
pico,18
liner,18
immersion,18
bottle,18
coat,18
casserole,18
macaroni,18
pistachio,18
degree,18
ear,18
clam,18
content,17
attachment,17
¾,17
whisk,17
stove,17
cloth,17
bok,17
choy,17
setting,17
pine,17
cavity,17
twine,17
tail,17
brine,17
cap,17
thumb,17
masa,17
ganache,17
phyllo,17
length,16
vinaigrette,16
candy,16
bath,16
shiitake,16
roasting,16
nitrogen,16
bed,16
row,16
tot,16
beignet,16
coating,15
sea,15
scraper,15
interval,15
splash,15
total,15
packet,15
counter,15
solid,15
fingertip,15
bamboo,15
sand,15
donut,15
tartar,15
gnocchi,15
face,15
overhang,15
stalk,15
flank,15
palm,15
prawn,15
cutlet,15
enchilada,15
farro,15
curd,15
block,15
habanero,15
chorizo,14
zip,14
volume,14
cling,14
high,14
low,14
recipe,14
step,14
thread,14
roast,14
liter,14
roux,14
grit,14
rub,14
joint,14
pretzel,14
valve,14
balsamic,13
flatbread,13
grape,13
timer,13
hoisin,13
bench,13
rainbow,13
crema,13
flower,13
romaine,13
sun,13
centre,13
area,13
rind,13
preference,13
wall,13
croissant,13
truffle,13
scratch,13
slurry,12
purée,12
starch,12
clump,12
sealing,12
pit,12
vent,12
mirin,12
poppy,12
drop,12
steel,12
.,12
pestle,12
rose,12
pita,12
rope,12
stir,12
segment,12
cheesecloth,12
mg,12
omelette,12
cotija,12
tomatillo,12
mark,12
fold,12
champagne,12
mode,12
weight,11
brussel,11
grease,11
direction,11
paneer,11
miso,11
gluten,11
scrap,11
coleslaw,11
tempura,11
film,11
drumstick,11
fettuccine,11
chilie,11
mac,11
chutney,11
stone,11
silicone,11
agave,11
tater,11
bundt,11
annatto,11
dairy,11
aioli,11
beetroot,11
crouton,10
storage,10
cereal,10
jack,10
stream,10
coffee,10
machine,10
chard,10
overnight,10
pink,10
fajita,10
l,10
streak,10
vodka,10
spread,10
saute,10
roti,10
divot,10
broccolini,10
meatloaf,10
carcass,10
shoulder,10
oatmeal,10
spider,10
lumpia,10
lard,10
toaster,10
sushi,10
adobo,10
press,10
balloon,10
cone,10
sofrito,10
hallaca,10
paddle,9
knob,9
fenugreek,9
shortening,9
pile,9
pearl,9
in,9
mallet,9
marshmallow,9
incision,9
beater,9
semolina,9
grinder,9
mortar,9
petal,9
breakfast,9
bolognese,9
gas,9
cover,9
insert,9
cook,9
pound,9
strudel,9
panini,9
membrane,9
poblano,9
jerk,9
bulb,9
omelet,9
centimeter,8
za’atar,8
result,8
gap,8
skirt,8
o’clock,8
sirloin,8
shake,8
combination,8
bird,8
snow,8
gochujang,8
crack,8
sourdough,8
tapioca,8
dinner,8
whiskey,8
twist,8
dripping,8
cornflour,8
aquafaba,8
release,8
browning,8
motion,8
maker,8
opening,8
tower,8
pop,8
scissor,8
bratwurst,8
bouillon,8
tarragon,8
brandy,8
mussel,8
knot,8
gammon,8
yucca,8
lot,7
tuna,7
nacho,7
gel,7
alfredo,7
pepita,7
sumac,7
meantime,7
tupperware,7
sprinkling,7
chopstick,7
%,7
scallop,7
serrano,7
strand,7
level,7
kernel,7
penne,7
reduction,7
straw,7
root,7
leftover,7
dente,7
stockpot,7
shear,7
punch,7
melon,7
pair,7
plank,7
monterey,7
jelly,7
husk,7
foam,7
béchamel,7
quesadilla,7
pith,7
citrus,7
basis,7
bleu,7
ribeye,7
index,7
train,7
pastele,7
wax,7
hook,7
template,6
one,6
cotton,6
number,6
effect,6
underside,6
cannellini,6
season,6
dutch,6
increment,6
fritter,6
seafood,6
spiral,6
swirl,6
circumference,6
basmati,6
applesauce,6
espresso,6
bake,6
kiwi,6
funnel,6
tequila,6
angle,6
brioche,6
rock,6
hibiscus,6
okra,6
rare,6
agar,6
doughnut,6
baller,6
ladle,6
deli,6
brisket,6
pinto,6
tostada,6
¾-inch,6
quiche,6
stack,6
pulse,6
polenta,6
cottage,6
cane,6
form,6
sunflower,6
bark,6
globe,6
sign,6
disk,6
venting,6
dijon,6
chakli,6
lunch,6
knuckle,6
basin,6
ip,6
boat,5
boiler,5
sweetener,5
store,5
quantity,5
turnip,5
prep,5
stickiness,5
countertop,5
self,5
butcher,5
⅓-inch,5
assembly,5
dome,5
torch,5
indent,5
table,5
lox,5
boule,5
chai,5
aromatic,5
gallon,5
tzatziki,5
worcestershire,5
cob,5
colour,5
smoking,5
amino,5
pad,5
popsicle,5
clementine,5
drip,5
marmalade,5
braid,5
smoothie,5
liqueur,5
gin,5
dal,5
smell,5
jalapeno,5
duxelle,5
door,5
harissa,5
compote,5
turntable,5
focaccia,5
oz,5
sauerkraut,5
zoodle,5
watercress,5
amber,5
sope,5
quality,5
sherry,5
x,5
seal,5
sorbet,5
lemonade,5
grapeseed,5
celsius,5
case,5
martini,5
pierogi,5
calzone,5
gingerbread,5
molasse,5
lollipop,5
scramble,5
vein,5
alcapurria,5
fourth,5
greaseproof,5
combo,5
scone,5
preserve,5
wood,5
v,5
galangal,5
bomb,5
strata,5
tonic,5
position,5
lychee,5
proofing,5
pilaf,4
sliver,4
dash,4
pasilla,4
need,4
asafoetida,4
caster,4
order,4
while,4
toffee,4
dab,4
stovetop,4
parsnip,4
ovenproof,4
worth,4
sake,4
pleat,4
snap,4
edamame,4
turbinado,4
item,4
matcha,4
indentation,4
tape,4
parm,4
giardiniera,4
octopus,4
mignonette,4
blood,4
plum,4
couscous,4
blade,4
bias,4
style,4
snack,4
source,4
pack,4
book,4
cajun,4
breading,4
tilapia,4
jug,4
queso,4
flavour,4
coin,4
-inch,4
diagonal,4
string,4
droplet,4
pig,4
boba,4
mound,4
mezcal,4
seltzer,4
puri,4
station,4
packaging,4
neck,4
right,4
cardboard,4
power,4
granola,4
cantaloupe,4
sangria,4
remainder,4
vessel,4
sear,4
mouth,4
body,4
cross,4
mandu,4
impurity,4
flan,4
diamond,4
tamagoyaki,4
guajillo,4
verde,4
fresco,4
bouquet,4
pizzelle,4
falafel,4
alcohol,4
orzo,4
hash,4
chimichurri,4
nest,4
piloncillo,4
soaking,4
butt,4
ricer,4
key,4
caraway,4
crosshatch,4
cacao,4
papaya,4
empanada,4
mofongo,4
braising,4
yuca,4
tree,4
folding,4
fermentation,4
relish,4
collard,4
nose,4
lobster,4
purple,4
biryani,4
shellfish,4
bud,4
taquito,4
jasmine,4
frond,4
paratha,4
none,4
blondie,4
compound,4
poultry,3
mousse,3
whipping,3
portobello,3
extra,3
figure,3
dot,3
foot,3
manufacturer,3
mass,3
arborio,3
moon,3
bibimbap,3
acorn,3
tester,3
kabocha,3
dashi,3
crostini,3
horseradish,3
poke,3
rocket,3
sec,3
basting,3
crockpot,3
elbow,3
unevenness,3
linguine,3
ping,3
pong,3
mandolin,3
slicing,3
ratatouille,3
margarita,3
jus,3
thai,3
tib,3
width,3
design,3
fire,3
shelf,3
sink,3
holder,3
lip,3
condiment,3
left,3
tamari,3
ladleful,3
panna,3
cotta,3
confectioner,3
soufflé,3
dessert,3
proof,3
soju,3
club,3
backbone,3
mince,3
spiralizer,3
mandoline,3
stroganoff,3
shiso,3
chestnut,3
tamale,3
ancho,3
achiote,3
shortcake,3
cremini,3
crabmeat,3
scooper,3
person,3
fix,3
assortment,3
up,3
currant,3
pho,3
garbanzo,3
matchstick,3
exterior,3
object,3
gruyère,3
fryer,3
fusilli,3
bao,3
ziplock,3
drinking,3
drink,3
and,3
bear,3
pinky,3
kheer,3
bicarbonate,3
cancel,3
button,3
oval,3
stromboli,3
link,3
lattice,3
shaving,3
grocery,3
serve,3
bonnet,3
puck,3
strength,3
spear,3
scale,3
porchetta,3
okonomi,3
milliliter,3
socket,3
look,3
crisp,3
prosecco,3
bourbon,3
tikka,3
laksa,3
cham,3
pâté,3
kaffir,3
muddler,3
flauta,3
tube,3
toastie,3
tender,3
wellington,3
dum,3
raita,3
litre,3
ada,3
fudge,3
delicata,3
bass,3
matignon,3
eyeball,3
greek,3
teabag,3
moss,3
pav,3
fahrenheit,3
popcorn,3
float,3
test,3
discard,3
galette,3
chana,3
fixin,2
percent,2
xawaash,2
biriyani,2
bruschetta,2
jaggery,2
beep,2
pour,2
zipper,2
rotation,2
kg,2
tool,2
tonkatsu,2
croquette,2
gyoza,2
chow,2
lining,2
margarine,2
¼-cup,2
squid,2
dirt,2
moment,2
thing,2
stage,2
appearance,2
caesar,2
muffaletta,2
mortadella,2
sopressata,2
seaweed,2
fig,2
hair,2
drumette,2
pilau,2
cylinder,2
hat,2
chuck,2
andouille,2
pancetta,2
ramen,2
brick,2
pool,2
stout,2
flaxseed,2
mitt,2
resting,2
period,2
farfalle,2
filet,2
passion,2
nectar,2
chamoy,2
pick,2
urge,2
bitter,2
berbere,2
rabe,2
kibbeh,2
bulk,2
pasty,2
kilo,2
handle,2
innard,2
giblet,2
crevice,2
height,2
shot,2
passata,2
crimp,2
rosehip,2
creme,2
churro,2
rise,2
honeydew,2
party,2
emulsification,2
blanket,2
cedar,2
overcrowding,2
napa,2
pouch,2
momo,2
furikake,2
muscovado,2
running,2
banh,2
mi,2
care,2
envelope,2
cola,2
carne,2
asada,2
gumdrop,2
chantilly,2
dunk,2
amarillo,2
gremolata,2
vermouth,2
grate,2
removal,2
temp,2
tenderness,2
pull,2
alternative,2
sweetness,2
doubanjiang,2
score,2
turn,2
flap,2
prong,2
corkscrew,2
mojo,2
hoagie,2
fondue,2
midpoint,2
minimum,2
cordon,2
breadstick,2
ratio,2
jamun,2
discoloration,2
pat,2
burner,2
gochugaru,2
safety,2
carnita,2
stripe,2
kiss,2
cannoli,2
barberry,2
granule,2
pint,2
rustica,2
ventilation,2
pepperoncini,2
development,2
thorough,2
ale,2
maraschino,2
plenty,2
river,2
path,2
car,2
nib,2
mini,2
web,2
crunch,2
chicharrone,2
culantro,2
pikliz,2
tapenade,2
tajada,2
skimmer,2
camembert,2
stretching,2
session,2
increase,2
lame,2
malt,2
barley,2
loin,2
yakisoba,2
skull,2
bunch,2
other,2
radicchio,2
buckwheat,2
switch,2
rotisserie,2
aroma,2
beak,2
vermicelli,2
shoot,2
larb,2
bran,2
siga,2
tempeh,2
margherita,2
marsala,2
band,2
cheek,2
decoration,2
mould,2
hemp,2
safflower,2
savory,2
crostata,2
broil,2
coupe,2
sherbet,2
helping,2
garni,2
gill,2
belt,2
halibut,2
chapatti,2
velvet,2
whirlpool,2
hollandaise,2
crescent,2
night,2
joe,2
bhaji,2
dice,2
margin,2
barrel,2
flow,2
drummet,2
rhubarb,2
cure,2
saucer,2
dusting,2
fist,2
variety,2
clock,2
outline,2
fingernail,2
frangipane,2
pipe,2
tagine,2
mash,2
3rd,2
mess,1
kind,1
par,1
measurement,1
keto,1
beginning,1
layering,1
essence,1
maida,1
"""",1
stip,1
floss,1
jumbo,1
wingtip,1
tenderizer,1
½-pound,1
nira,1
subside,1
mein,1
amaretto,1
pebble,1
donute,1
twinkie,1
diy,1
fluff,1
start,1
stomach,1
satin,1
curling,1
kelp,1
pinche,1
muscle,1
claw,1
around,1
calamari,1
cod,1
angel,1
cardamon,1
smear,1
splice,1
speculoo,1
s,1
rabri,1
mandazi,1
deliciousness,1
ziploc,1
melt,1
spit,1
dream,1
brownness,1
presentation,1
⅓lb,1
¼cup,1
gouda,1
expansion,1
upside,1
grind,1
sift,1
break,1
crock,1
monster,1
interior,1
example,1
rotini,1
weekday,1
family,1
julienne,1
brim,1
rosarita,1
longanisa,1
pancit,1
light,1
saltwater,1
cobbler,1
tent,1
mangonada,1
tangerine,1
paloma,1
highball,1
chat,1
sev,1
ground,1
toor,1
urad,1
sambar,1
concentrate,1
dosa,1
tandoori,1
curaçao,1
hurricane,1
angostura,1
pakora,1
medallion,1
trimming,1
goal,1
tie,1
overlap,1
trail,1
reserve,1
defrost,1
cooler,1
garbage,1
wishbone,1
hip,1
flat,1
refrigeration,1
veggnog,1
̊c.,1
gardenscape,1
scene,1
red,1
charcoal,1
coil,1
shank,1
⅓-½,1
bisque,1
boy,1
gherkin,1
f.,1
front,1
burning,1
anchovy,1
rule,1
freshness,1
skim,1
linguini,1
sambal,1
spam,1
5qt,1
chilaquile,1
crispiness,1
kick,1
effort,1
protection,1
microplane,1
lock,1
scampi,1
read,1
coal,1
dose,1
aji,1
eighth,1
heap,1
mit,1
toss,1
milk/,1
wipe,1
calvado,1
guava,1
tejocote,1
copper,1
shin,1
oxtail,1
prune,1
pan(s,1
resistance,1
lava,1
leakage,1
redness,1
shawarma,1
opinion,1
cleanup,1
campfire,1
sugars:11,1
label,1
millimeter,1
110gram,1
decker,1
sting,1
stain,1
overflow,1
dowel,1
mill,1
dick,1
korma,1
folk,1
picture,1
frame,1
compartment,1
beverage,1
supreme,1
oiling,1
butterfly,1
mascarpone,1
chamomile,1
mojito,1
rosito,1
glitter,1
dropper,1
hardening,1
whey,1
shrikhand,1
kulfi,1
paella,1
tine,1
ridge,1
amaretti,1
re,1
pierogie,1
capicola,1
peperoncini,1
tortellini,1
dollap,1
bullion,1
mine,1
goody,1
barbeque,1
weave,1
grenadine,1
man,1
sazon,1
de,1
arbol,1
chicharron,1
vapor,1
repollo,1
frother,1
froth,1
curve,1
pirouette,1
rod,1
track,1
cargo,1
gum,1
holiday,1
hue,1
elf,1
scooping,1
schnapp,1
corer,1
piña,1
colada,1
canister,1
lb,1
corningware,1
squirt,1
beeswax,1
yautía,1
blanca,1
fifth,1
yuatía,1
lighter,1
cubanelle,1
longaniza,1
push,1
parts--2,1
suya,1
griot,1
pastelón,1
toasting,1
vigorón,1
yellow,1
hamburger,1
cheeseburger,1
baker,1
sheen,1
gloss,1
cloud,1
wreath,1
bitterness,1
flute,1
fan,1
hasselback,1
feel,1
razor,1
selection,1
grating,1
swiss,1
sport,1
poaching,1
substitute,1
millimetre,1
okonomiyaki,1
bonito,1
fettucine,1
tooth,1
meathead,1
ripeness,1
fin,1
difficulty,1
carapace,1
structure,1
signature,1
dye,1
julius,1
hob,1
beansprout,1
mien,1
topper,1
rayu,1
sorrel,1
chowder,1
tablespoonful,1
dust,1
go,1
shortbread,1
buckeye,1
bulgogi,1
pediatrician,1
child,1
fluid,1
#,1
isosceles,1
instant,1
rabbit,1
hedgehog,1
spike,1
owl,1
mouse,1
trivet,1
grid,1
belacan,1
candle,1
cockle,1
satay,1
timing,1
beard,1
barnacle,1
injera,1
accompaniment,1
nugget,1
bayleaf,1
jalpeño,1
choosing,1
gumbo,1
ninth,1
clingfilm,1
lassi,1
carafe,1
influence,1
lover,1
pasta/,1
set,1
tumbler,1
appetizer,1
stews,1
out,1
freekah,1
pudina,1
a.,1
bhurji,1
ajwain,1
loya,1
tawah,1
steep,1
stratum,1
over,1
enamel,1
ciabatta,1
cupboard,1
school,1
morning,1
copyright,1
permission,1
division,1
navel,1
blow,1
qt,1
rust,1
corrosion,1
contact,1
carton,1
dunker,1
lashing,1
arrowroot,1
crudité,1
earl,1
frappuccino,1
stacking,1
borscht,1
rye,1
spine,1
softness,1
wrapping,1
hull,1
rawness,1
chappati,1
chapati,1
variation,1
millet,1
sorghum,1
salata,1
karaage,1
alfalfa,1
cole,1
nonstick,1
fraiche,1
monk,1
sweetner,1
tub,1
melting,1
spout,1
precision,1
doughball,1
chopping,1
poh,1
pouring,1
majority,1
snowflake,1
medjool,1
weed,1
newspaper,1
leche,1
dimple,1
watermark,1
violet,1
mauve,1
stump,1
semisweet,1
g)flour,1
measure,1
malpoa,1
die,1
spatchcock,1
breastbone,1
fideo,1
rogan,1
josh,1
cheeto,1
video,1
asafetida,1
tuxedo,1
bowtie,1
kala,1
namak,1
winglet,1
suction,1
brigadeiro,1
workspace,1
braiding,1
challah,1
shine,1
garnishing,1
chef,1
colouring,1
ripple,1
sponge,1
utensil,1
bain,1
marie,1
shard,1
advance,1
marjoram,1
microgreen,1
hominy,1
manchego,1
shred,1
nigiri,1
kiki,1
ruler,1
shield,1
reamining,1
yoghurt,1
ease,1
wellness,1
crispness,1
hotsauce,1
devour,1
totcho,1
rroll,1
state,1
marinate,1
capacity,1
movement,1
growth,1
house,1
waste,1
feeding,1
readiness,1
hooch,1
reason,1
funkiness,1
project,1
feed,1
scaling,1
preshape,1
stretch,1
lifting,1
tension,1
scoring,1
sound,1
pointer,1
monkey,1
smoothness,1
cluster,1
gratin,1
evening,1
max,1
infuser,1
control,1
little,1
oolong,1
fruitcake,1
finish,1
guide,1
thorn,1
romano,1
comté,1
masalo,1
cycle,1
multigrain,1
pain,1
mung,1
french,1
trouble,1
slab,1
testing,1
method,1
